symbol,timestamp,open,high,low,CLOSE,TOTTRDQTY
20MICRONS,2018-01-01,58.95,60.7,57.9,58.75,156506
3IINFOTECH,2018-01-01,8.4,8.8,8.3,8.8,14085506
3MINDIA,2018-01-01,18901,19990,18901,19264.55,2361
5PAISA,2018-01-01,383,383,357.25,357.45,32513
63MOONS,2018-01-01,119.55,124.4,118,119.4,685352
8KMILES,2018-01-01,908,921.85,900,901.95,74853
A2ZINFRA,2018-01-01,41,44.3,40.7,42.35,5268119
AARTIDRUGS,2018-01-01,646,658,631.9,634.15,18513
AARTIIND,2018-01-01,1147.75,1149.9,1125.1,1141,106698
AARVEEDEN,2018-01-01,50,51,48.85,50.2,57825
ABAN,2018-01-01,203.95,205.4,200.7,201.3,624616
ABB,2018-01-01,1412,1413,1390.05,1399.65,44720
ABBOTINDIA,2018-01-01,5525,5561.05,5485.25,5497.75,1527
ABCAPITAL,2018-01-01,184.5,189.3,184,186.4,2837824
ABFRL,2018-01-01,170.1,174.1,169.2,170,289762
ACC,2018-01-01,1763.95,1763.95,1725,1731.35,123565
ACCELYA,2018-01-01,1455,1455,1425,1433.65,984
ACE,2018-01-01,144,145.5,141.1,141.6,350474
ADANIENT,2018-01-01,165.8,169.85,165,166.05,4220395
ADANIPORTS,2018-01-01,406.7,407.7,398.05,399.65,2701537
ADANIPOWER,2018-01-01,41.6,45.2,40.9,42.6,34368848
ADANITRANS,2018-01-01,224.15,226.8,218.5,219.7,1005616
ADFFOODS,2018-01-01,315,317.8,310.5,312.85,179522
ADHUNIK,2018-01-01,6.5,7.3,6.3,6.95,1855773
ADORWELD,2018-01-01,499,512.45,490.05,495.5,35138
ADVANIHOTR,2018-01-01,79,82,78.55,79.25,31369
ADVENZYMES,2018-01-01,279.6,281,277.45,278.45,102143
AEGISCHEM,2018-01-01,284,294.8,281.1,289.45,203299
AFL,2018-01-01,54,54.7,54,54.7,2161
AGLSL,2018-01-01,119.9,119.9,116,116.4,6133
AGRITECH,2018-01-01,121,122,118,118.85,11288
AHLEAST,2018-01-01,267.2,279.5,267.2,274.1,1179
AHLUCONT,2018-01-01,399.9,402.85,381.3,383.5,41647
AIAENG,2018-01-01,1559.95,1559.95,1529,1536.65,69536
AIFL,2018-01-01,470.05,473.65,450,453.2,216159
AJANTPHARM,2018-01-01,1498.4,1522,1490,1493.75,225361
AJMERA,2018-01-01,326.8,331.3,325,326.2,75949
AKSHARCHEM,2018-01-01,770,791,760,766.15,37547
AKZOINDIA,2018-01-01,1850,1875,1831,1860.05,17137
ALANKIT,2018-01-01,72,73.1,69.8,73.1,471618
ALBERTDAVD,2018-01-01,357,357,344.15,347.2,2828
ALBK,2018-01-01,74,74.5,73,73.75,977504
ALEMBICLTD,2018-01-01,57.75,59.4,55.9,57.85,4028397
ALICON,2018-01-01,703.05,719.8,700,701.95,10228
ALKALI,2018-01-01,82.75,83.3,79.1,80.8,7803
ALKEM,2018-01-01,2201,2257.8,2187.5,2225.95,30620
ALKYLAMINE,2018-01-01,674,677.15,651.1,658.8,6853
ALLCARGO,2018-01-01,209.9,215.6,208.15,209.15,778527
ALLSEC,2018-01-01,445,453,438,441.65,4444
ALPA,2018-01-01,43.65,46.55,43,44.8,345532
ALPHAGEO,2018-01-01,926,930,915.1,919.7,12885
AMARAJABAT,2018-01-01,839.7,845.6,831.1,834.45,228683
AMBIKCO,2018-01-01,1335.6,1364.9,1318,1359.75,4534
AMBUJACEM,2018-01-01,271.1,273.1,264.35,268.05,1408955
AMDIND,2018-01-01,46.3,49.3,45.2,46.9,107838
AMRUTANJAN,2018-01-01,648.1,652.7,635,641.45,12310
ANANTRAJ,2018-01-01,72.3,74.9,71.45,72.2,3998139
ANDHRABANK,2018-01-01,58.4,58.95,58.1,58.4,988753
ANDHRACEMT,2018-01-01,13.8,14.3,13.75,13.85,789828
ANDHRSUGAR,2018-01-01,537.45,543,530.75,533.3,20089
ANGIND,2018-01-01,8.25,8.25,7.6,7.6,88543
ANIKINDS,2018-01-01,48.75,48.75,44.2,46.05,26137
ANSALAPI,2018-01-01,27,27.8,25.9,27.4,737501
ANSALHSG,2018-01-01,27,28.7,26.5,27.15,228687
APARINDS,2018-01-01,810.05,828,802.05,806.25,6859
APCL,2018-01-01,241.4,244.9,235.2,238.25,3883
APCOTEXIND,2018-01-01,497,502.8,492.6,496.45,9558
APEX,2018-01-01,844,855,820,830.05,162743
APLAPOLLO,2018-01-01,1970,1994.95,1955,1980.6,20649
APLLTD,2018-01-01,532.9,538,529.85,531.2,9061
APOLLOHOSP,2018-01-01,1216,1216,1199.1,1202.55,117565
APOLLOTYRE,2018-01-01,268.25,272.7,266.75,268.85,1308125
APOLSINHOT,2018-01-01,1154.95,1364.1,1154.95,1304.6,9341
APTECHT,2018-01-01,366.6,374,362.3,365.35,289472
ARCHIDPLY,2018-01-01,113.75,119,112.05,116.65,175692
ARCHIES,2018-01-01,47.45,48.8,45,45.65,565752
ARCOTECH,2018-01-01,56,56.9,55.65,55.9,749792
ARIHANTSUP,2018-01-01,177.35,177.6,169,172.1,126954
AROGRANITE,2018-01-01,83.25,85.65,81,82,289029
ARROWGREEN,2018-01-01,480,495.45,477,480.85,22153
ARROWTEX,2018-01-01,45.85,46.15,45,45.95,49947
ARSHIYA,2018-01-01,109,109.9,106.35,107.2,112390
ARVIND,2018-01-01,451.2,453.3,443.5,445.95,753084
ARVSMART,2018-01-01,198.7,203,196.25,199.75,74829
ASAHIINDIA,2018-01-01,365.8,374.95,365.8,370.9,10506
ASAHISONG,2018-01-01,368.15,368.15,361.35,362.65,3454
ASAL,2018-01-01,100.65,107.2,97.95,101.3,117116
ASHAPURMIN,2018-01-01,94.7,98.35,94.7,95.5,352812
ASHIANA,2018-01-01,187,193.8,186,186.6,354636
ASHIMASYN,2018-01-01,31.5,32.25,31.15,31.55,268072
ASHOKA,2018-01-01,245,250.8,242.05,245.95,203618
ASHOKLEY,2018-01-01,119.65,122.5,118.05,118.65,10218058
ASIANHOTNR,2018-01-01,179.85,179.85,175,176.4,17927
ASIANPAINT,2018-01-01,1163,1165,1138.1,1143.65,591349
ASIANTILES,2018-01-01,580,583,563.05,570.15,187627
ASPINWALL,2018-01-01,517.25,548,517.25,535.35,15296
ASTEC,2018-01-01,551.3,557.45,545,549.2,9651
ASTRAL,2018-01-01,850,852.95,832,835.55,11270
ASTRAMICRO,2018-01-01,114.25,124.35,114.25,118.75,798949
ASTRAZEN,2018-01-01,1160,1200,1160,1174.25,13427
ATFL,2018-01-01,718,728.95,700.6,710.4,16797
ATLANTA,2018-01-01,118.2,118.55,114.5,115.4,616035
ATUL,2018-01-01,2710,2775,2710,2752.1,6228
ATULAUTO,2018-01-01,455,460,449.6,456.35,32224
AUBANK,2018-01-01,669,676.2,659,662.85,92576
AURIONPRO,2018-01-01,233,251.75,232.95,245.1,377614
AUROPHARMA,2018-01-01,690,698.8,681,683.95,1629631
AUSOMENT,2018-01-01,74.35,77.5,72.6,74.25,8830
AUTOAXLES,2018-01-01,1435.2,1468,1416,1441,15564
AUTOLITIND,2018-01-01,69.75,72.5,68.2,70.1,26268
AVADHSUGAR,2018-01-01,810.05,830,802.6,808.6,28750
AVANTIFEED,2018-01-01,2555.9,2654,2541,2585.25,113531
AVTNPL,2018-01-01,59.8,60.25,56.8,57.3,548632
AXISBANK,2018-01-01,563.8,569.8,560.5,565.5,6943234
AXISCADES,2018-01-01,201.65,211.9,198.15,204.5,522282
AXISGOLD,2018-01-01,2577,2577,2547,2565,157
AXISNIFTY,2018-01-01,1053.45,1053.5,1045,1045,19
AYMSYNTEX,2018-01-01,67.35,68.4,65.5,66,43473
BAFNAPHARM,2018-01-01,28.35,29.85,28.35,28.5,41180
BAJAJ-AUTO,2018-01-01,3340,3345.05,3276.4,3289.25,174560
BAJAJCORP,2018-01-01,482.9,493.35,477.1,487.75,23617
BAJAJELEC,2018-01-01,495,501.45,486.35,489.25,111959
BAJAJFINSV,2018-01-01,5208,5308.75,5151.6,5171.85,44899
BAJAJHIND,2018-01-01,15.6,16.45,15.6,16.1,11337498
BAJAJHLDNG,2018-01-01,2868,2899,2860.55,2864.45,7651
BAJFINANCE,2018-01-01,1759.5,1760,1720.4,1725.65,535319
BALAJITELE,2018-01-01,155,156.3,153,153.4,96681
BALAMINES,2018-01-01,640.1,646.8,631,634.4,20595
BALKRISHNA,2018-01-01,120,120.45,108.45,109.7,559307
BALKRISIND,2018-01-01,1195,1208.45,1182,1195.45,195375
BALLARPUR,2018-01-01,18.25,20.2,17.75,19.05,18445068
BALMLAWRIE,2018-01-01,275.9,278,272,272.4,62926
BALPHARMA,2018-01-01,110.7,128.2,110.15,122.5,874057
BALRAMCHIN,2018-01-01,133.45,137.65,132.5,135.3,2687573
BANARBEADS,2018-01-01,92.9,108.3,92,102.75,218599
BANARISUG,2018-01-01,2174.95,2198,2089,2129.6,533
BANCOINDIA,2018-01-01,260.5,268.8,256.2,258.1,136131
BANG,2018-01-01,41.9,41.9,40.5,40.85,8323
BANKBARODA,2018-01-01,161,163.9,160.85,161.5,7408273
BANKBEES,2018-01-01,2596.1,2597.1,2571,2577.82,5137
BANKINDIA,2018-01-01,176,176,169,169.9,4712424
BANSWRAS,2018-01-01,147.25,148,143.2,144.05,12976
BASF,2018-01-01,2158.7,2186.95,2130,2135.6,7202
BASML,2018-01-01,336.9,336.9,325.5,331,228
BATAINDIA,2018-01-01,751.95,758.4,745.05,755.3,556099
BAYERCROP,2018-01-01,4470,4481,4440.1,4455.5,15070
BBL,2018-01-01,1291.05,1321.6,1287,1308.35,15137
BBTC,2018-01-01,1713,1717,1650,1659.8,156937
BEARDSELL,2018-01-01,68.9,69,65.4,66.55,13818
BEDMUTHA,2018-01-01,29.4,29.9,29.05,29.35,9940
BEL,2018-01-01,183,183.9,181.2,181.45,2722272
BEML,2018-01-01,1618.25,1623.1,1591.6,1598.7,193132
BEPL,2018-01-01,190.5,197.3,189.35,196.75,1386092
BERGEPAINT,2018-01-01,276.7,280.75,267.5,268.9,1227447
BFINVEST,2018-01-01,397.95,404.5,382.7,388.5,403733
BFUTILITIE,2018-01-01,508,518.9,492.35,498.8,1259874
BGRENERGY,2018-01-01,138.8,144.6,137.1,140.95,445161
BHAGERIA,2018-01-01,279.55,281,275.3,277.75,18501
BHAGYANGR,2018-01-01,53.45,54.45,50,52.05,202852
BHAGYAPROP,2018-01-01,24.65,25.8,24.6,24.95,18153
BHARATFIN,2018-01-01,1000.2,1001.85,988,990.4,152885
BHARATFORG,2018-01-01,731.5,733.95,720.15,723,372741
BHARATGEAR,2018-01-01,207.9,212.95,205.45,209.8,75334
BHARATIWIN,2018-01-01,37.7,37.81,37.52,37.56,2441105
BHARATRAS,2018-01-01,4175,4215.05,4090,4142.4,859
BHARATWIRE,2018-01-01,148.15,150.4,142.4,143.75,177207
BHARTIARTL,2018-01-01,531,538.1,525.4,527.9,4333190
BHEL,2018-01-01,92.65,96.4,92.6,95.15,14221778
BHUSANSTL,2018-01-01,71,72.7,69.05,69.6,2958295
BIGBLOC,2018-01-01,141.05,143.35,137.65,138.8,78191
BIL,2018-01-01,520.95,523,510.2,517.75,14191
BILPOWER,2018-01-01,1.45,1.5,1.45,1.5,5600
BINANIIND,2018-01-01,138.9,139.8,135.5,136.5,156607
BINDALAGRO,2018-01-01,40.1,44,40.1,42.1,1431441
BIOCON,2018-01-01,540.15,545.95,535.6,538,642155
BIRLACORPN,2018-01-01,1159,1200,1148,1194.15,63372
BIRLAMONEY,2018-01-01,88.1,101.7,87,96.95,3430927
BKMINDST,2018-01-01,37.9,38,35.8,36.95,28294
BLISSGVS,2018-01-01,213.55,217.45,212.6,213.45,277869
BLKASHYAP,2018-01-01,65.9,66.45,63.7,64.3,309343
BLS,2018-01-01,265.8,270.35,264.2,265.3,307415
BLUEBLENDS,2018-01-01,37.15,38.2,36.3,36.5,19817
BLUEDART,2018-01-01,4552.85,4619.95,4552.85,4600.3,6581
BLUESTARCO,2018-01-01,813,830,813,821.5,41917
BODALCHEM,2018-01-01,167.8,170.85,166.5,167.35,298290
BOMDYEING,2018-01-01,278,295.15,274,286.05,6708713
BOSCHLTD,2018-01-01,20165,20620,19702.4,19791.9,20401
BPCL,2018-01-01,518,523,507.2,508.6,1940293
BPL,2018-01-01,111.55,113.55,107.95,108.85,933006
BRFL,2018-01-01,117.7,123.85,117.7,117.7,3031546
BRIGADE,2018-01-01,322,324.9,311.1,313.4,149147
BRITANNIA,2018-01-01,4750,4774,4715.2,4738.25,56160
BRNL,2018-01-01,191,191,187.35,188.45,6688
BROOKS,2018-01-01,111.95,114.7,109.65,110.3,66770
BSE,2018-01-01,917,934.95,916.1,930.95,256355
BSELINFRA,2018-01-01,6.9,7.35,6.9,7.05,725830
BSL,2018-01-01,120.95,130.9,114,126.8,1130748
BSLGOLDETF,2018-01-01,2740.05,2750.05,2740,2750,89
BSLIMITED,2018-01-01,1.5,1.5,1.45,1.5,925581
BSLNIFTY,2018-01-01,109,110,106.02,110,245
BYKE,2018-01-01,175.4,183.9,172.25,178.9,67009
CADILAHC,2018-01-01,438.45,438.9,430.35,432.55,803342
CAMLINFINE,2018-01-01,129.7,138.35,128,133.5,1513363
CANBK,2018-01-01,361.7,366,359.05,360.7,876655
CANFINHOME,2018-01-01,472,485.85,472,477.4,895567
CANTABIL,2018-01-01,114.9,117.7,113,113.85,34393
CAPACITE,2018-01-01,397,399.6,390.35,391.75,199030
CAPF,2018-01-01,692.5,701.9,692.1,694.9,156198
CAPLIPOINT,2018-01-01,634.4,638.95,630.45,634,18586
CAPTRUST,2018-01-01,519.95,519.95,513.45,515,1504
CARBORUNIV,2018-01-01,387,387,371,373.75,84144
CAREERP,2018-01-01,132.25,134,129,131.05,60995
CARERATING,2018-01-01,1328,1348.95,1327.05,1342.25,20858
CASTEXTECH,2018-01-01,7.5,7.9,7.35,7.85,8526343
CASTROLIND,2018-01-01,194,194.45,191.5,191.75,1062521
CCHHL,2018-01-01,19.6,21.9,19,20.4,2047560
CCL,2018-01-01,305,305,299.25,299.9,33944
CDSL,2018-01-01,357,364.8,353.25,356.1,682248
CEATLTD,2018-01-01,1950.85,1976.75,1930.55,1943.7,405491
CELEBRITY,2018-01-01,15.45,16.4,15.45,15.65,166662
CELESTIAL,2018-01-01,21.75,23.45,20.7,22.3,1107142
CENTENKA,2018-01-01,335,339.45,332.5,333.95,35817
CENTEXT,2018-01-01,6.4,6.55,6.2,6.25,197108
CENTRALBK,2018-01-01,74.5,77.8,73,74.7,8051264
CENTUM,2018-01-01,658.45,658.45,640.1,648.7,2800
CENTURYPLY,2018-01-01,341,354,337.45,347.55,396889
CENTURYTEX,2018-01-01,1426.75,1446,1410,1417.05,459843
CERA,2018-01-01,3773.5,3788.95,3705,3723.7,2372
CEREBRAINT,2018-01-01,40.4,41.3,40.2,40.3,222269
CESC,2018-01-01,1054.85,1080,1051.1,1064,534835
CGCL,2018-01-01,119.1,122.8,119,119.75,48528
CGPOWER,2018-01-01,93.3,95.2,92.05,92.8,3638378
CHAMBLFERT,2018-01-01,153.95,160.8,152.15,157.05,1529319
CHENNPETRO,2018-01-01,428.7,435.75,426,431.9,192488
CHOLAFIN,2018-01-01,1305,1337.85,1291.4,1317.85,165858
CINELINE,2018-01-01,115.5,120.55,113.6,115.4,628013
CIPLA,2018-01-01,608,617.85,607,611.5,873546
CLEDUCATE,2018-01-01,290,294,290,291.95,3652
CLNINDIA,2018-01-01,575,625,571.5,605.45,113356
CMICABLES,2018-01-01,278,304.85,276,297.6,383634
CNOVAPETRO,2018-01-01,41.05,44.75,41.05,42.15,18153
COALINDIA,2018-01-01,263,267.3,262.6,266.65,3079260
COCHINSHIP,2018-01-01,553,559.95,551.1,552.2,123958
COFFEEDAY,2018-01-01,274.85,282.8,273.1,279.9,166002
COLPAL,2018-01-01,1095.5,1122.95,1094.65,1102.6,334274
COMPINFO,2018-01-01,48.8,52.4,48.8,50.5,1003592
COMPUSOFT,2018-01-01,18.9,19.4,18.1,18.8,310731
CONCOR,2018-01-01,1388,1425,1368,1370.75,68768
CONSOFINVT,2018-01-01,73.5,88,73.5,83.6,170677
CONTROLPR,2018-01-01,460,485,459,473.2,19582
CORALFINAC,2018-01-01,60,60,58.3,58.7,84502
COROMANDEL,2018-01-01,580.1,586.75,545.5,556.9,200142
CORPBANK,2018-01-01,39.55,40.7,39.25,40.4,452777
COSMOFILMS,2018-01-01,376.9,377.4,369.3,372.15,29562
COX&KINGS,2018-01-01,268.8,277.4,268.4,273.45,275016
CPSEETF,2018-01-01,30.2,30.35,30,30.15,551203
CREATIVEYE,2018-01-01,4.8,4.8,4.8,4.8,5877
CREST,2018-01-01,280,297.5,273,280.05,171337
CRISIL,2018-01-01,1874,1900,1872,1895.05,7843
CRMFGETF,2018-01-01,2730,2744,2730,2743.5,1000
CROMPTON,2018-01-01,275.5,280,269,270.6,139572
CTE,2018-01-01,80,80.4,79.15,80.4,10147
CUB,2018-01-01,180.5,180.5,177.25,178.35,195467
CUMMINSIND,2018-01-01,905.9,927.55,905.9,913.05,339746
CUPID,2018-01-01,305.9,309,300.25,305.05,34937
CYBERTECH,2018-01-01,82,87.95,81.5,84.25,304448
CYIENT,2018-01-01,583.35,587.4,574.6,577.7,49668
DAAWAT,2018-01-01,91.25,93.85,90.75,91.5,2250865
DABUR,2018-01-01,351,351.85,347.7,349,272884
DALMIABHA,2018-01-01,3224.9,3224.9,3183.85,3193.85,22269
DALMIASUG,2018-01-01,133.8,137,132.7,134.55,125362
DAMODARIND,2018-01-01,125.3,125.3,121.15,122.6,5760
DATAMATICS,2018-01-01,146,148.55,143.4,144.2,268504
DBCORP,2018-01-01,350.95,359,349.3,357.5,79449
DBL,2018-01-01,994,995,976.6,982.05,208334
DBREALTY,2018-01-01,61,63.65,60.1,63.65,2226298
DCAL,2018-01-01,326.1,327.85,318,320.6,78280
DCBBANK,2018-01-01,196,202.45,194.55,197.9,1233341
DCM,2018-01-01,114,116,112.65,113.45,58631
DCMSHRIRAM,2018-01-01,562.45,566.45,547.5,552.85,128604
DECCANCE,2018-01-01,557,563.9,551.6,553.2,4937
DEEPAKFERT,2018-01-01,426.7,433,421.25,427.85,201667
DEEPAKNTR,2018-01-01,233.3,235,229.5,230.25,247169
DEEPIND,2018-01-01,206,207.8,204.85,206.55,59239
DELTACORP,2018-01-01,308,312.9,305.25,307.15,1500573
DELTAMAGNT,2018-01-01,65.45,67.1,61.25,67.1,5703
DEN,2018-01-01,105.35,111.2,103.85,108.6,595223
DENABANK,2018-01-01,25.6,25.85,25.25,25.55,2964555
DENORA,2018-01-01,286.5,299,286.5,288.2,13067
DFMFOODS,2018-01-01,1999.8,2000,1930.2,1981.25,2212
DHAMPURSUG,2018-01-01,217,222.5,210,216.15,502196
DHANBANK,2018-01-01,29.6,30.65,29.6,30.2,310455
DHANUKA,2018-01-01,735,758,726.6,745.2,25186
DHARSUGAR,2018-01-01,29.6,31,29.6,29.8,86482
DHFL,2018-01-01,582,600.75,581.8,590.85,2377449
DHUNINV,2018-01-01,457,457,421,424.65,9281
DIAMONDYD,2018-01-01,1275,1275,1238.3,1247.95,4859
DIAPOWER,2018-01-01,18.6,18.95,18.5,18.65,399936
DICIND,2018-01-01,557.65,580,552,559.85,8230
DISHTV,2018-01-01,82.05,82.7,81.35,81.7,1836892
DIVISLAB,2018-01-01,1095,1119.95,1090.1,1099.05,429620
DIXON,2018-01-01,4230,4295,4142,4187.55,39092
DLF,2018-01-01,259.45,262.45,255.2,256.7,4935049
DLINKINDIA,2018-01-01,127.7,129.4,126.45,127.25,92060
DMART,2018-01-01,1188.3,1193.25,1166,1170.5,334392
DNAMEDIA,2018-01-01,14.4,14.4,12.55,12.85,892402
DOLLAR,2018-01-01,456.2,463,456.2,460.15,9886
DOLPHINOFF,2018-01-01,125,126.5,120.5,122.1,134018
DPL,2018-01-01,161,167.4,160,161.05,76524
DPSCLTD,2018-01-01,33,33,31.05,31.45,97198
DREDGECORP,2018-01-01,858.55,871.9,837,847.6,1340479
DRREDDY,2018-01-01,2410,2436,2394.05,2404.15,242081
DSSL,2018-01-01,53.05,61.4,53.05,61,261478
DUCON,2018-01-01,43.35,44.8,42.5,42.85,91247
DWARKESH,2018-01-01,47.6,50.4,47.05,48.7,2810914
DYNAMATECH,2018-01-01,2179.05,2200,2175,2180.55,481
EASTSILK,2018-01-01,5.6,5.6,5.3,5.35,131499
EBANK,2018-01-01,3090,3090,2766,2866,3
ECEIND,2018-01-01,405.1,425,400,413.25,9771
ECLERX,2018-01-01,1579,1595.4,1566,1571.95,72551
EDELWEISS,2018-01-01,298.8,300.5,291.4,292.9,1135857
EDL,2018-01-01,52.1,55.95,50.55,53.05,258761
EICHERMOT,2018-01-01,30399.95,30420,29850,29893.15,19847
EIDPARRY,2018-01-01,369.1,385,369,379.2,170864
EIHAHOTELS,2018-01-01,376,395,372,384.5,2061
EIHOTEL,2018-01-01,146.25,147.85,145.7,147.05,127847
EIMCOELECO,2018-01-01,554,554,520,535,15464
EKC,2018-01-01,70.4,70.95,68.4,68.9,1085441
ELAND,2018-01-01,23.7,24,21.6,22.25,313464
ELECON,2018-01-01,102.95,107.55,101.65,104.9,1272197
ELECTCAST,2018-01-01,37.3,39.1,37.3,37.65,1089022
ELECTHERM,2018-01-01,166.4,167.8,159,160.55,16425
ELGIEQUIP,2018-01-01,313.65,315,308.3,309.7,17450
ELGIRUBCO,2018-01-01,51.95,53.35,50.3,51.65,28782
EMAMIINFRA,2018-01-01,278,285.4,272.4,274.55,81965
EMAMILTD,2018-01-01,1336,1345.5,1306.25,1335.8,54222
EMCO,2018-01-01,20.3,21.6,19.65,20.85,427543
EMKAY,2018-01-01,224,224,215.5,215.9,54852
EMMBI,2018-01-01,234.45,236.85,229.2,231.4,8989
ENDURANCE,2018-01-01,1363.35,1400,1353.7,1362.5,25798
ENERGYDEV,2018-01-01,34.05,37.25,33.4,35.65,373237
ENGINERSIN,2018-01-01,200.95,200.95,195.25,196,1106757
ENIL,2018-01-01,748,760,744,748,8110
EQ30,2018-01-01,250,250,231.35,231.35,69
EQUITAS,2018-01-01,149.5,151.45,146.6,147.5,2009096
ERIS,2018-01-01,796,807.95,779.05,783.85,39271
EROSMEDIA,2018-01-01,199.9,204.9,198.9,203.3,744036
ESABINDIA,2018-01-01,801.35,818.5,801.25,805.65,5525
ESCORTS,2018-01-01,787.85,797.35,770.5,774.35,1246643
ESSARSHPNG,2018-01-01,32.8,32.9,31.15,31.4,214653
ESSELPACK,2018-01-01,296.85,299,294.35,295.7,21815
ESTER,2018-01-01,61,65.65,58.25,63.9,684013
EUROCERA,2018-01-01,7.4,8,7,7.75,191723
EUROMULTI,2018-01-01,2.45,2.55,2.35,2.45,12599
EUROTEXIND,2018-01-01,35.6,36.45,34.6,35.2,5911
EVEREADY,2018-01-01,439,445,437.95,440.25,53671
EVERESTIND,2018-01-01,579.8,592,577.05,589.7,71037
EXCELCROP,2018-01-01,2000.35,2147.95,2000.3,2123,75183
EXCELINDUS,2018-01-01,624,634,611.45,621.3,12789
EXIDEIND,2018-01-01,222,223.85,219.05,219.75,756083
FACT,2018-01-01,52.9,53.9,51.55,52.25,243939
FAIRCHEM,2018-01-01,510.3,520,492.1,497.9,11900
FCL,2018-01-01,79.6,83.8,78.5,83.6,7070016
FCONSUMER,2018-01-01,75.3,78,74.9,76.1,5926558
FDC,2018-01-01,253,255.95,244,248.5,71671
FEDDERELEC,2018-01-01,75.95,79.95,75.5,78.55,334674
FEDERALBNK,2018-01-01,109.5,109.9,108.3,108.7,2320304
FEL,2018-01-01,48.75,50.95,48.25,49.25,2295560
FELDVR,2018-01-01,49.25,50.15,48.15,49,63850
FIEMIND,2018-01-01,1019.95,1035,1012,1014.9,13868
FILATEX,2018-01-01,221.35,227,217.65,222.6,113942
FINCABLES,2018-01-01,703.1,709.7,696.65,702.45,17353
FINPIPE,2018-01-01,667,672.55,660,662.25,43367
FLEXITUFF,2018-01-01,108.7,112.75,102.7,106.45,174145
FLFL,2018-01-01,343.55,349.15,343,343.4,21200
FMGOETZE,2018-01-01,530,530.05,523.5,525.6,3671
FMNL,2018-01-01,142.75,145.85,138,141.4,22608
FORTIS,2018-01-01,159.95,163.25,156.25,157.4,2878195
FORTUNEFIN,2018-01-01,283.05,294.35,281.4,284.8,53910
FOSECOIND,2018-01-01,1988,2049,1980.05,1992.25,5516
FRETAIL,2018-01-01,529,531.05,525.05,526.3,61763
FSC,2018-01-01,677.65,681.5,674,678.65,74188
FSL,2018-01-01,41.1,42.1,40.65,40.95,3758227
GABRIEL,2018-01-01,200,202.7,196.8,201.7,223582
GAEL,2018-01-01,196.6,199.8,190.1,192.6,127748
GAIL,2018-01-01,502.8,504.75,496.85,498.65,1639410
GALLANTT,2018-01-01,40.1,40.1,38.1,40.1,127372
GALLISPAT,2018-01-01,220,220,213,219.3,126332
GAMMNINFRA,2018-01-01,3.9,4.2,3.75,3.8,25409355
GANDHITUBE,2018-01-01,429.5,433,427,427.75,20646
GANECOS,2018-01-01,418.9,418.9,402,403.5,12841
GANESHHOUC,2018-01-01,175.7,183.6,172.6,177.25,1021235
GARDENSILK,2018-01-01,43.1,45.2,42.5,43.35,261980
GARWALLROP,2018-01-01,971.6,971.65,935,937.35,17585
GATI,2018-01-01,135.55,138.5,133.6,134.8,1423465
GAYAPROJ,2018-01-01,228,234.7,225.4,227.2,753889
GDL,2018-01-01,234.85,239.95,234.75,237.9,35207
GEECEE,2018-01-01,171.2,177.9,169.45,170.4,29531
GENESYS,2018-01-01,328.95,332,319.55,323.45,38122
GENUSPOWER,2018-01-01,75.2,75.75,73.2,73.65,561473
GEOJITFSL,2018-01-01,123,123,118.5,119,136329
GEPIL,2018-01-01,745,753,728,740.95,22770
GESHIP,2018-01-01,399,405.9,398,403.65,113210
GET&D,2018-01-01,440.5,453,436.1,447.5,83589
GHCL,2018-01-01,318.95,320.95,315.95,318.3,335499
GICHSGFIN,2018-01-01,463.9,473,460.55,462.3,110951
GICRE,2018-01-01,753,767.05,752.3,764.75,99009
GILLETTE,2018-01-01,6834.55,6890,6750,6771.75,1646
GINNIFILA,2018-01-01,43,43.35,42.05,42.25,234577
GIPCL,2018-01-01,133.5,136.85,131.25,133.15,197190
GITANJALI,2018-01-01,68.6,72,68.35,71.05,4451713
GKWLIMITED,2018-01-01,592,595,575.5,579.8,177
GLAXO,2018-01-01,2490,2490,2454,2463,8292
GLENMARK,2018-01-01,596.15,603.8,594,596.1,512502
GLOBALVECT,2018-01-01,177.45,177.7,173.6,174.65,26601
GMBREW,2018-01-01,944,960.3,938.05,943.8,49256
GMDCLTD,2018-01-01,166.95,170.45,165,168,578704
GMRINFRA,2018-01-01,22.7,23.55,22.15,22.3,104419392
GNA,2018-01-01,435.9,440.4,429,434.65,110595
GNFC,2018-01-01,494.2,498.5,486,487.8,585485
GOACARBON,2018-01-01,882.6,906,840,885.4,208827
GOCLCORP,2018-01-01,567,580,566,569.9,3772
GODFRYPHLP,2018-01-01,993,997.5,984,989.3,38700
GODREJAGRO,2018-01-01,581.45,596.7,581,591.25,310670
GODREJCP,2018-01-01,1007.95,1007.95,982.6,986.25,150338
GODREJIND,2018-01-01,603.2,614.9,599.7,602.25,286411
GODREJPROP,2018-01-01,692.55,714.9,692.55,703.85,86821
GOKEX,2018-01-01,134.65,135.8,131.1,131.65,205856
GOLDBEES,2018-01-01,2630.8,2649.7,2630.8,2643.6,10360
GOLDIAM,2018-01-01,84,84.95,83.1,83.55,16964
GOLDINFRA,2018-01-01,200,217.15,196.15,206.35,414332
GOLDIWIN,2018-01-01,264.4,266.45,263.1,263.9,1292
GOLDSHARE,2018-01-01,2610,2633.6,2610,2620,865
GOLDTECH,2018-01-01,16.85,17.05,16.25,17.05,122777
GOODLUCK,2018-01-01,92.15,94.9,90.1,91.05,104383
GPIL,2018-01-01,348.9,359.8,327.8,349.1,541035
GPPL,2018-01-01,137,138.15,136.1,136.55,142325
GPTINFRA,2018-01-01,189,205.8,184.85,197.4,52079
GRANULES,2018-01-01,138.85,139,136.2,137.45,1175335
GRAPHITE,2018-01-01,714.7,744.9,714.3,725.1,2658612
GRASIM,2018-01-01,1165.05,1169.8,1140.9,1143.95,187524
GRAVITA,2018-01-01,160.4,162.5,159,159.4,306734
GREAVESCOT,2018-01-01,137.75,143.2,137.75,140.4,2617492
GREENLAM,2018-01-01,1278,1329.5,1278,1301.75,1237
GREENPLY,2018-01-01,340,360,337.6,354.7,236931
GREENPOWER,2018-01-01,11.05,11.7,11,11.15,1473927
GRINDWELL,2018-01-01,554.6,554.6,540,544.85,6630
GROBTEA,2018-01-01,1463.4,1463.4,1463.4,1463.4,331
GRPLTD,2018-01-01,1383.95,1405,1376,1395.05,7377
GRUH,2018-01-01,501.5,503.65,498,498.45,70356
GSCLCEMENT,2018-01-01,35.55,36,34.8,35.25,20373
GSFC,2018-01-01,156.65,157.25,151.7,152.6,1611648
GSKCONS,2018-01-01,6552.9,6571,6394.5,6477.15,13341
GSPL,2018-01-01,227.1,229.8,223.7,224.7,222985
GSS,2018-01-01,28.4,29.35,27.5,28.7,196662
GTL,2018-01-01,17.5,19.3,16.8,17.8,2437552
GTLINFRA,2018-01-01,7.05,7.65,6.75,7.15,43180629
GTNIND,2018-01-01,19.9,20.8,18.6,19.65,29678
GTPL,2018-01-01,165.2,166.45,160,163.75,51137
GUFICBIO,2018-01-01,127,129.1,125,125.95,139174
GUJALKALI,2018-01-01,769.9,770.9,741.2,749,161946
GUJAPOLLO,2018-01-01,247.85,247.9,238.6,239.75,8205
GUJFLUORO,2018-01-01,917,917.05,895,897.15,43605
GUJGASLTD,2018-01-01,846.95,847,837,844.15,17171
GUJNRECOKE,2018-01-01,2,2.1,1.9,2,16184661
GUJNREDVR,2018-01-01,1.8,1.8,1.75,1.75,581046
GULFOILLUB,2018-01-01,987,997,975.05,982.55,2055
GULFPETRO,2018-01-01,85,86.95,85,85.6,49128
GULPOLY,2018-01-01,87,89.9,86.1,86.7,99462
HARITASEAT,2018-01-01,972.85,972.9,941.9,945.55,3140
HATHWAY,2018-01-01,40.3,42,39.15,39.6,258899
HATSUN,2018-01-01,827,830,821,824.85,14964
HAVELLS,2018-01-01,566.7,566.7,552,554.45,466717
HBLPOWER,2018-01-01,72.85,76.5,72.5,73.6,2667653
HBSTOCK,2018-01-01,50,50.35,47.55,47.65,296637
HCC,2018-01-01,41.25,43.7,40.7,42,16209405
HCG,2018-01-01,285.8,285.8,273.4,275.85,11295
HCL-INSYS,2018-01-01,58.45,62,57.4,60.15,11197819
HCLTECH,2018-01-01,889,890.7,875.95,878.7,643144
HDFC,2018-01-01,1710,1711.05,1677.5,1683.75,1387222
HDFCBANK,2018-01-01,1872.7,1880.75,1850.5,1854.5,1645129
HDFCLIFE,2018-01-01,388.5,399.8,386.55,389.65,1445743
HDFCMFGETF,2018-01-01,2693.8,2723.95,2692.5,2709.3,677
HDFCNIFETF,2018-01-01,1071,1084.9,1038,1068.04,262
HDFCSENETF,2018-01-01,3600,3600,3600,3600,1
HDIL,2018-01-01,65.5,67.4,64,64.3,26430235
HEG,2018-01-01,2419,2453.15,2377.4,2432.35,301222
HEIDELBERG,2018-01-01,154.6,154.6,151.3,151.7,194262
HERCULES,2018-01-01,147.65,152.4,147.6,149.15,39703
HERITGFOOD,2018-01-01,832.05,835.05,820.15,823.05,12997
HEROMOTOCO,2018-01-01,3810,3810,3740,3749.1,201102
HESTERBIO,2018-01-01,1868.4,1900,1835.75,1845.8,19403
HEXAWARE,2018-01-01,340.65,346.25,340,341.65,792011
HFCL,2018-01-01,29,33.95,29,32.25,39161526
HGS,2018-01-01,900.95,908.3,895,898.15,21761
HIGHGROUND,2018-01-01,16.35,16.5,15.6,15.75,359710
HIKAL,2018-01-01,234,240.9,233.45,237.4,66034
HIL,2018-01-01,1501,1535.65,1501,1530,43329
HILTON,2018-01-01,39.6,40.7,37.65,38.5,83691
HIMATSEIDE,2018-01-01,401.35,410,395,400.35,101101
HINDALCO,2018-01-01,273,277.9,270,271.15,4614411
